File,Measure,Node,Centrality
C:\Users\Szymon\Desktop\Web\facebook\0.edges,Betweenness,277,0.27
C:\Users\Szymon\Desktop\Web\facebook\0.edges,Betweenness,175,0.25
C:\Users\Szymon\Desktop\Web\facebook\0.edges,Betweenness,19,0.18
C:\Users\Szymon\Desktop\Web\facebook\0.edges,Betweenness,23,0.13
C:\Users\Szymon\Desktop\Web\facebook\0.edges,Betweenness,25,0.09
C:\Users\Szymon\Desktop\Web\facebook\0.edges,Closeness,277,0.41
C:\Users\Szymon\Desktop\Web\facebook\0.edges,Closeness,25,0.38
C:\Users\Szymon\Desktop\Web\facebook\0.edges,Closeness,322,0.38
C:\Users\Szymon\Desktop\Web\facebook\0.edges,Closeness,67,0.37
C:\Users\Szymon\Desktop\Web\facebook\0.edges,Closeness,119,0.37
C:\Users\Szymon\Desktop\Web\facebook\0.edges,Eigenvector,56,0.2
C:\Users\Szymon\Desktop\Web\facebook\0.edges,Eigenvector,67,0.2
C:\Users\Szymon\Desktop\Web\facebook\0.edges,Eigenvector,271,0.19
C:\Users\Szymon\Desktop\Web\facebook\0.edges,Eigenvector,26,0.19
C:\Users\Szymon\Desktop\Web\facebook\0.edges,Eigenvector,252,0.18
C:\Users\Szymon\Desktop\Web\facebook\107.edges,Betweenness,1086,0.11
C:\Users\Szymon\Desktop\Web\facebook\107.edges,Betweenness,1584,0.05
C:\Users\Szymon\Desktop\Web\facebook\107.edges,Betweenness,917,0.05
C:\Users\Szymon\Desktop\Web\facebook\107.edges,Betweenness,483,0.04
C:\Users\Szymon\Desktop\Web\facebook\107.edges,Betweenness,1334,0.02
C:\Users\Szymon\Desktop\Web\facebook\107.edges,Closeness,1086,0.48
C:\Users\Szymon\Desktop\Web\facebook\107.edges,Closeness,1584,0.46
C:\Users\Szymon\Desktop\Web\facebook\107.edges,Closeness,1800,0.44
C:\Users\Szymon\Desktop\Web\facebook\107.edges,Closeness,1334,0.44
C:\Users\Szymon\Desktop\Web\facebook\107.edges,Closeness,483,0.44
C:\Users\Szymon\Desktop\Web\facebook\107.edges,Eigenvector,1888,0.12
C:\Users\Szymon\Desktop\Web\facebook\107.edges,Eigenvector,1800,0.11
C:\Users\Szymon\Desktop\Web\facebook\107.edges,Eigenvector,1663,0.11
C:\Users\Szymon\Desktop\Web\facebook\107.edges,Eigenvector,1352,0.11
C:\Users\Szymon\Desktop\Web\facebook\107.edges,Eigenvector,1431,0.1
C:\Users\Szymon\Desktop\Web\facebook\1684.edges,Betweenness,2754,0.08
C:\Users\Szymon\Desktop\Web\facebook\1684.edges,Betweenness,2863,0.07
C:\Users\Szymon\Desktop\Web\facebook\1684.edges,Betweenness,2946,0.07
C:\Users\Szymon\Desktop\Web\facebook\1684.edges,Betweenness,3117,0.06
C:\Users\Szymon\Desktop\Web\facebook\1684.edges,Betweenness,3105,0.04
C:\Users\Szymon\Desktop\Web\facebook\1684.edges,Closeness,2863,0.44
C:\Users\Szymon\Desktop\Web\facebook\1684.edges,Closeness,3274,0.43
C:\Users\Szymon\Desktop\Web\facebook\1684.edges,Closeness,3117,0.42
C:\Users\Szymon\Desktop\Web\facebook\1684.edges,Closeness,2946,0.42
C:\Users\Szymon\Desktop\Web\facebook\1684.edges,Closeness,3302,0.42
C:\Users\Szymon\Desktop\Web\facebook\1684.edges,Eigenvector,2839,0.14
C:\Users\Szymon\Desktop\Web\facebook\1684.edges,Eigenvector,3363,0.14
C:\Users\Szymon\Desktop\Web\facebook\1684.edges,Eigenvector,2754,0.13
C:\Users\Szymon\Desktop\Web\facebook\1684.edges,Eigenvector,2966,0.12
C:\Users\Szymon\Desktop\Web\facebook\1684.edges,Eigenvector,3232,0.12
C:\Users\Szymon\Desktop\Web\facebook\1912.edges,Betweenness,2313,0.09
C:\Users\Szymon\Desktop\Web\facebook\1912.edges,Betweenness,2047,0.09
C:\Users\Szymon\Desktop\Web\facebook\1912.edges,Betweenness,2543,0.08
C:\Users\Szymon\Desktop\Web\facebook\1912.edges,Betweenness,2347,0.06
C:\Users\Szymon\Desktop\Web\facebook\1912.edges,Betweenness,1941,0.04
C:\Users\Szymon\Desktop\Web\facebook\1912.edges,Closeness,2543,0.55
C:\Users\Szymon\Desktop\Web\facebook\1912.edges,Closeness,2047,0.54
C:\Users\Szymon\Desktop\Web\facebook\1912.edges,Closeness,2347,0.54
C:\Users\Szymon\Desktop\Web\facebook\1912.edges,Closeness,2199,0.52
C:\Users\Szymon\Desktop\Web\facebook\1912.edges,Closeness,2384,0.52
C:\Users\Szymon\Desktop\Web\facebook\1912.edges,Eigenvector,2266,0.09
C:\Users\Szymon\Desktop\Web\facebook\1912.edges,Eigenvector,2206,0.09
C:\Users\Szymon\Desktop\Web\facebook\1912.edges,Eigenvector,2233,0.09
C:\Users\Szymon\Desktop\Web\facebook\1912.edges,Eigenvector,2464,0.08
C:\Users\Szymon\Desktop\Web\facebook\1912.edges,Eigenvector,2218,0.08
C:\Users\Szymon\Desktop\Web\facebook\3437.edges,Betweenness,3830,0.21
C:\Users\Szymon\Desktop\Web\facebook\3437.edges,Betweenness,3604,0.13
C:\Users\Szymon\Desktop\Web\facebook\3437.edges,Betweenness,3918,0.08
C:\Users\Szymon\Desktop\Web\facebook\3437.edges,Betweenness,3521,0.07
C:\Users\Szymon\Desktop\Web\facebook\3437.edges,Betweenness,3628,0.06
C:\Users\Szymon\Desktop\Web\facebook\3437.edges,Closeness,3830,0.42
C:\Users\Szymon\Desktop\Web\facebook\3437.edges,Closeness,3604,0.42
C:\Users\Szymon\Desktop\Web\facebook\3437.edges,Closeness,3684,0.39
C:\Users\Szymon\Desktop\Web\facebook\3437.edges,Closeness,3545,0.39
C:\Users\Szymon\Desktop\Web\facebook\3437.edges,Closeness,3962,0.38
C:\Users\Szymon\Desktop\Web\facebook\3437.edges,Eigenvector,3938,0.2
C:\Users\Szymon\Desktop\Web\facebook\3437.edges,Eigenvector,3596,0.2
C:\Users\Szymon\Desktop\Web\facebook\3437.edges,Eigenvector,3545,0.19
C:\Users\Szymon\Desktop\Web\facebook\3437.edges,Eigenvector,3830,0.18
C:\Users\Szymon\Desktop\Web\facebook\3437.edges,Eigenvector,3604,0.16
C:\Users\Szymon\Desktop\Web\facebook\348.edges,Betweenness,563,0.1
C:\Users\Szymon\Desktop\Web\facebook\348.edges,Betweenness,549,0.09
C:\Users\Szymon\Desktop\Web\facebook\348.edges,Betweenness,198,0.08
C:\Users\Szymon\Desktop\Web\facebook\348.edges,Betweenness,412,0.06
C:\Users\Szymon\Desktop\Web\facebook\348.edges,Betweenness,373,0.05
C:\Users\Szymon\Desktop\Web\facebook\348.edges,Closeness,376,0.57
C:\Users\Szymon\Desktop\Web\facebook\348.edges,Closeness,475,0.55
C:\Users\Szymon\Desktop\Web\facebook\348.edges,Closeness,412,0.54
C:\Users\Szymon\Desktop\Web\facebook\348.edges,Closeness,563,0.54
C:\Users\Szymon\Desktop\Web\facebook\348.edges,Closeness,428,0.54
C:\Users\Szymon\Desktop\Web\facebook\348.edges,Eigenvector,376,0.16
C:\Users\Szymon\Desktop\Web\facebook\348.edges,Eigenvector,412,0.15
C:\Users\Szymon\Desktop\Web\facebook\348.edges,Eigenvector,559,0.15
C:\Users\Szymon\Desktop\Web\facebook\348.edges,Eigenvector,475,0.15
C:\Users\Szymon\Desktop\Web\facebook\348.edges,Eigenvector,497,0.14
C:\Users\Szymon\Desktop\Web\facebook\3980.edges,Betweenness,4023,0.16
C:\Users\Szymon\Desktop\Web\facebook\3980.edges,Betweenness,4030,0.14
C:\Users\Szymon\Desktop\Web\facebook\3980.edges,Betweenness,3998,0.11
C:\Users\Szymon\Desktop\Web\facebook\3980.edges,Betweenness,4031,0.1
C:\Users\Szymon\Desktop\Web\facebook\3980.edges,Betweenness,4014,0.07
C:\Users\Szymon\Desktop\Web\facebook\3980.edges,Closeness,4023,0.48
C:\Users\Szymon\Desktop\Web\facebook\3980.edges,Closeness,4030,0.46
C:\Users\Szymon\Desktop\Web\facebook\3980.edges,Closeness,4014,0.43
C:\Users\Szymon\Desktop\Web\facebook\3980.edges,Closeness,3998,0.43
C:\Users\Szymon\Desktop\Web\facebook\3980.edges,Closeness,3982,0.42
C:\Users\Szymon\Desktop\Web\facebook\3980.edges,Eigenvector,4030,0.35
C:\Users\Szymon\Desktop\Web\facebook\3980.edges,Eigenvector,4023,0.32
C:\Users\Szymon\Desktop\Web\facebook\3980.edges,Eigenvector,3982,0.29
C:\Users\Szymon\Desktop\Web\facebook\3980.edges,Eigenvector,3998,0.26
C:\Users\Szymon\Desktop\Web\facebook\3980.edges,Eigenvector,3997,0.26
C:\Users\Szymon\Desktop\Web\facebook\414.edges,Betweenness,436,0.23
C:\Users\Szymon\Desktop\Web\facebook\414.edges,Betweenness,635,0.21
C:\Users\Szymon\Desktop\Web\facebook\414.edges,Betweenness,422,0.09
C:\Users\Szymon\Desktop\Web\facebook\414.edges,Betweenness,634,0.06
C:\Users\Szymon\Desktop\Web\facebook\414.edges,Betweenness,553,0.06
C:\Users\Szymon\Desktop\Web\facebook\414.edges,Closeness,373,0.51
C:\Users\Szymon\Desktop\Web\facebook\414.edges,Closeness,553,0.51
C:\Users\Szymon\Desktop\Web\facebook\414.edges,Closeness,436,0.5
C:\Users\Szymon\Desktop\Web\facebook\414.edges,Closeness,395,0.5
C:\Users\Szymon\Desktop\Web\facebook\414.edges,Closeness,483,0.49
C:\Users\Szymon\Desktop\Web\facebook\414.edges,Eigenvector,376,0.19
C:\Users\Szymon\Desktop\Web\facebook\414.edges,Eigenvector,373,0.19
C:\Users\Szymon\Desktop\Web\facebook\414.edges,Eigenvector,513,0.18
C:\Users\Szymon\Desktop\Web\facebook\414.edges,Eigenvector,559,0.18
C:\Users\Szymon\Desktop\Web\facebook\414.edges,Eigenvector,492,0.17
C:\Users\Szymon\Desktop\Web\facebook\686.edges,Betweenness,713,0.14
C:\Users\Szymon\Desktop\Web\facebook\686.edges,Betweenness,828,0.06
C:\Users\Szymon\Desktop\Web\facebook\686.edges,Betweenness,818,0.05
C:\Users\Szymon\Desktop\Web\facebook\686.edges,Betweenness,719,0.05
C:\Users\Szymon\Desktop\Web\facebook\686.edges,Betweenness,705,0.05
C:\Users\Szymon\Desktop\Web\facebook\686.edges,Closeness,713,0.6
C:\Users\Szymon\Desktop\Web\facebook\686.edges,Closeness,828,0.59
C:\Users\Szymon\Desktop\Web\facebook\686.edges,Closeness,719,0.57
C:\Users\Szymon\Desktop\Web\facebook\686.edges,Closeness,805,0.57
C:\Users\Szymon\Desktop\Web\facebook\686.edges,Closeness,705,0.56
C:\Users\Szymon\Desktop\Web\facebook\686.edges,Eigenvector,828,0.21
C:\Users\Szymon\Desktop\Web\facebook\686.edges,Eigenvector,719,0.19
C:\Users\Szymon\Desktop\Web\facebook\686.edges,Eigenvector,713,0.19
C:\Users\Szymon\Desktop\Web\facebook\686.edges,Eigenvector,705,0.19
C:\Users\Szymon\Desktop\Web\facebook\686.edges,Eigenvector,805,0.18
C:\Users\Szymon\Desktop\Web\facebook\698.edges,Betweenness,856,0.19
C:\Users\Szymon\Desktop\Web\facebook\698.edges,Betweenness,747,0.04
C:\Users\Szymon\Desktop\Web\facebook\698.edges,Betweenness,769,0.03
C:\Users\Szymon\Desktop\Web\facebook\698.edges,Betweenness,871,0.02
C:\Users\Szymon\Desktop\Web\facebook\698.edges,Betweenness,753,0.01
C:\Users\Szymon\Desktop\Web\facebook\698.edges,Closeness,856,0.52
C:\Users\Szymon\Desktop\Web\facebook\698.edges,Closeness,747,0.44
C:\Users\Szymon\Desktop\Web\facebook\698.edges,Closeness,828,0.42
C:\Users\Szymon\Desktop\Web\facebook\698.edges,Closeness,697,0.4
C:\Users\Szymon\Desktop\Web\facebook\698.edges,Closeness,708,0.4
C:\Users\Szymon\Desktop\Web\facebook\698.edges,Eigenvector,747,0.28
C:\Users\Szymon\Desktop\Web\facebook\698.edges,Eigenvector,828,0.27
C:\Users\Szymon\Desktop\Web\facebook\698.edges,Eigenvector,823,0.26
C:\Users\Szymon\Desktop\Web\facebook\698.edges,Eigenvector,856,0.26
C:\Users\Szymon\Desktop\Web\facebook\698.edges,Eigenvector,774,0.24
